id;start_date;end_date;language
1;2023-06-15T23:58:03;2023-06-16T01:40:12;SPANISH
2;2023-06-16T16:49:04;2023-06-16T10:59:44;SPANISH
3;2023-06-16T03:07:38;2023-06-16T16:34:50;SPANISH
4;2023-06-16T17:37:48;2023-06-15T23:45:45;ENGLISH
5;2023-06-16T10:47:59;2023-06-16T12:23:40;FRENCH
6;2023-06-16T03:00:13;2023-06-16T09:51:15;FRENCH
7;2023-06-16T12:51:08;2023-06-15T20:15:21;FRENCH
8;2023-06-16T12:45:58;2023-06-15T19:44:08;FRENCH
9;2023-06-16T08:36:32;2023-06-16T13:07:11;ENGLISH
10;2023-06-16T00:30:55;2023-06-15T21:09:29;SPANISH
